point_id,x_m,y_m,z_ref_m,z_raw_m,z_raw_actual_m,dz_raw_m,missing_raw,raw_samples,frames_used,z_filt_full_chain_m,dz_filt_full_chain_m,missing_filt_full_chain,filt_samples_full_chain,z_filt_hole_filling_m,dz_filt_hole_filling_m,missing_filt_hole_filling,filt_samples_hole_filling,z_filt_kalman_m,dz_filt_kalman_m,missing_filt_kalman,filt_samples_kalman,z_filt_normal_m,dz_filt_normal_m,missing_filt_normal,filt_samples_normal,z_filt_outlier_m,dz_filt_outlier_m,missing_filt_outlier,filt_samples_outlier,z_filt_planarity_m,dz_filt_planarity_m,missing_filt_planarity,filt_samples_planarity,z_filt_best_m,dz_filt_best_m,filt_best_name
R1_start,-4.515621,-11.876895,-1.888502,-1.894634,nan,-0.006132,0,0,140,nan,nan,1,0,nan,nan,1,0,nan,nan,1,0,nan,nan,1,0,nan,nan,1,0,nan,nan,1,0,nan,nan,
R1_3m,-4.175621,-8.906895,-2.028502,-1.974634,nan,0.053868,0,0,140,nan,nan,1,0,nan,nan,1,0,nan,nan,1,0,nan,nan,1,0,nan,nan,1,0,nan,nan,1,0,nan,nan,
R1_6m,-3.835621,-5.926895,-1.958502,-2.024634,nan,-0.066132,0,0,140,nan,nan,1,0,nan,nan,1,0,nan,nan,1,0,nan,nan,1,0,nan,nan,1,0,nan,nan,1,0,nan,nan,
R1_9m,-3.495621,-2.946895,-1.998502,-1.994634,nan,0.003868,0,0,140,nan,nan,1,0,nan,nan,1,0,nan,nan,1,0,nan,nan,1,0,nan,nan,1,0,nan,nan,1,0,nan,nan,
R1_12m,-3.155621,0.033105,-1.998502,-2.034634,nan,-0.036132,0,0,140,nan,nan,1,0,nan,nan,1,0,nan,nan,1,0,nan,nan,1,0,nan,nan,1,0,nan,nan,1,0,nan,nan,
R1_15m,-2.815621,3.013105,-1.928502,-2.004634,nan,-0.076132,0,0,140,nan,nan,1,0,nan,nan,1,0,nan,nan,1,0,nan,nan,1,0,nan,nan,1,0,nan,nan,1,0,nan,nan,
R1_18m,-2.475621,5.993105,-2.008502,-2.044634,nan,-0.036132,0,0,140,nan,nan,1,0,nan,nan,1,0,nan,nan,1,0,nan,nan,1,0,nan,nan,1,0,nan,nan,1,0,nan,nan,
R1_21m,-2.135621,9.003105,-1.978502,-1.984634,nan,-0.006132,0,0,140,3.448475,5.426977,0,139,nan,nan,1,0,nan,nan,1,0,nan,nan,1,0,nan,nan,1,0,3.447144,5.425646,0,139,3.447144,5.425646,planarity
R1_24m,-1.795621,11.963105,-2.048502,-2.064634,3.799001,-0.016132,0,139,140,3.042228,5.090730,0,139,3.799001,5.847503,0,139,3.798831,5.847333,0,139,3.811537,5.860039,0,99,3.799001,5.847503,0,139,3.042033,5.090535,0,139,3.042033,5.090535,planarity
R1_27m,-1.425621,15.083105,-1.968502,-1.964634,nan,0.003868,0,0,140,3.986266,5.954768,0,55,nan,nan,1,0,nan,nan,1,0,nan,nan,1,0,nan,nan,1,0,3.977051,5.945553,0,55,3.977051,5.945553,planarity
R1_30m,-1.095621,18.043105,-2.048502,-2.044634,nan,0.003868,0,0,140,4.410380,6.458882,0,54,nan,nan,1,0,nan,nan,1,0,nan,nan,1,0,nan,nan,1,0,4.401063,6.449565,0,65,4.401063,6.449565,planarity
R1_33m,-0.755621,20.933105,-1.978502,-1.994634,nan,-0.016132,0,0,140,nan,nan,1,0,nan,nan,1,0,nan,nan,1,0,3.167917,5.146419,0,114,nan,nan,1,0,nan,nan,1,0,3.167917,5.146419,normal
R1_36m,-0.395621,23.973105,-1.918502,-1.934634,3.025986,-0.016132,0,38,140,nan,nan,1,0,3.025986,4.944488,0,38,3.025747,4.944249,0,13,3.026150,4.944652,0,27,3.025986,4.944488,0,38,nan,nan,1,0,3.025747,4.944249,kalman
R1_39m,-0.055621,26.453105,-2.058502,-2.034634,nan,0.023868,0,0,140,1.394288,3.452790,0,4,nan,nan,1,0,nan,nan,1,0,2.044273,4.102775,0,2,nan,nan,1,0,nan,nan,1,0,1.394288,3.452790,full_chain
R1_42m,0.374379,30.113105,-2.018502,-2.014634,2.509434,0.003868,0,1,140,nan,nan,1,0,2.509434,4.527936,0,1,nan,nan,1,0,2.879425,4.897927,0,4,2.509434,4.527936,0,1,nan,nan,1,0,2.509434,4.527936,hole_filling
R1_end,0.574379,32.673105,-2.058502,-2.064634,nan,-0.006132,0,0,140,1.113431,3.171933,0,1,0.906190,2.964692,0,61,nan,nan,1,0,nan,nan,1,0,nan,nan,1,0,1.916837,3.975339,0,6,0.906190,2.964692,hole_filling
R2_start,-2.985621,-11.976895,-1.958502,-1.974634,nan,-0.016132,0,0,140,nan,nan,1,0,nan,nan,1,0,nan,nan,1,0,nan,nan,1,0,nan,nan,1,0,nan,nan,1,0,nan,nan,
R2_3m,-2.655621,-8.976895,-1.928502,-2.024634,nan,-0.096132,0,0,140,-0.751418,1.177084,0,16,nan,nan,1,0,nan,nan,1,0,nan,nan,1,0,nan,nan,1,0,nan,nan,1,0,-0.751418,1.177084,full_chain
R2_6m,-2.305621,-6.026895,-2.008502,-1.924634,nan,0.083868,0,0,140,nan,nan,1,0,nan,nan,1,0,nan,nan,1,0,nan,nan,1,0,nan,nan,1,0,nan,nan,1,0,nan,nan,
R2_9m,-1.965621,-3.046895,-2.018502,-1.924634,nan,0.093868,0,0,140,nan,nan,1,0,nan,nan,1,0,nan,nan,1,0,nan,nan,1,0,nan,nan,1,0,nan,nan,1,0,nan,nan,
R2_12m,-1.625621,-0.066895,-2.028502,-1.904634,nan,0.123868,0,0,140,nan,nan,1,0,nan,nan,1,0,nan,nan,1,0,nan,nan,1,0,nan,nan,1,0,nan,nan,1,0,nan,nan,
R2_15m,-1.285621,2.923105,-2.008502,-1.924634,nan,0.083868,0,0,140,nan,nan,1,0,nan,nan,1,0,nan,nan,1,0,nan,nan,1,0,nan,nan,1,0,nan,nan,1,0,nan,nan,
R2_18m,-0.945621,5.903105,-1.938502,-1.944634,nan,-0.006132,0,0,140,nan,nan,1,0,nan,nan,1,0,nan,nan,1,0,nan,nan,1,0,nan,nan,1,0,nan,nan,1,0,nan,nan,
R2_21m,-0.615621,8.883105,-2.038502,-2.054634,2.841717,-0.016132,0,139,140,2.456324,4.494826,0,139,2.841717,4.880219,0,139,2.841551,4.880053,0,139,2.816647,4.855149,0,137,2.841717,4.880219,0,139,2.456778,4.495280,0,139,2.456324,4.494826,full_chain
R2_24m,-0.275621,11.853105,-1.948502,-1.944634,2.770445,0.003868,0,139,140,3.477629,5.426131,0,139,2.770445,4.718947,0,139,2.770330,4.718832,0,139,2.713295,4.661797,0,139,2.770445,4.718947,0,139,3.475043,5.423545,0,139,2.713295,4.661797,normal
R2_27m,0.044379,14.883105,-1.908502,-1.914634,nan,-0.006132,0,0,140,1.897325,3.805827,0,139,nan,nan,1,0,nan,nan,1,0,2.530056,4.438558,0,66,nan,nan,1,0,1.896130,3.804632,0,139,1.896130,3.804632,planarity
R2_30m,0.404379,17.903105,-2.028502,-2.024634,nan,0.003868,0,0,140,nan,nan,1,0,nan,nan,1,0,nan,nan,1,0,nan,nan,1,0,nan,nan,1,0,nan,nan,1,0,nan,nan,
R2_33m,0.884379,20.823105,-2.058502,-2.064634,nan,-0.006132,0,0,140,1.108627,3.167129,0,1,nan,nan,1,0,nan,nan,1,0,2.379510,4.438012,0,1,nan,nan,1,0,1.108192,3.166694,0,122,1.108192,3.166694,planarity
R2_36m,1.074379,23.753105,-1.928502,-1.944634,nan,-0.016132,0,0,140,2.722392,4.650894,0,1,nan,nan,1,0,nan,nan,1,0,2.726654,4.655156,0,1,nan,nan,1,0,2.723083,4.651585,0,6,2.722392,4.650894,full_chain
R2_39m,1.504379,27.073105,-2.008502,-1.994634,nan,0.013868,0,0,140,1.599933,3.608435,0,52,nan,nan,1,0,nan,nan,1,0,1.758728,3.767230,0,6,nan,nan,1,0,nan,nan,1,0,1.599933,3.608435,full_chain
R2_42m,1.554379,29.983105,-2.068502,-2.024634,1.764754,0.043868,0,82,140,0.566498,2.635000,0,11,1.764754,3.833256,0,82,1.765133,3.833635,0,58,1.764754,3.833256,0,82,1.764754,3.833256,0,82,nan,nan,1,0,0.566498,2.635000,full_chain
R2_end,1.954379,31.643105,-1.968502,-1.954634,1.474276,0.013868,0,69,140,nan,nan,1,0,1.474276,3.442778,0,69,1.474833,3.443335,0,60,1.452598,3.421100,0,55,1.474276,3.442778,0,69,0.098943,2.067445,0,2,0.098943,2.067445,planarity
