point_id,x_m,y_m,z_ref_m,z_raw_m,dz_raw_m,missing_raw,raw_samples,frames_used,z_filt_full_chain_m,dz_filt_full_chain_m,missing_filt_full_chain,filt_samples_full_chain,z_filt_kalman_m,dz_filt_kalman_m,missing_filt_kalman,filt_samples_kalman,z_filt_normal_m,dz_filt_normal_m,missing_filt_normal,filt_samples_normal,z_filt_outlier_m,dz_filt_outlier_m,missing_filt_outlier,filt_samples_outlier,z_filt_planarity_m,dz_filt_planarity_m,missing_filt_planarity,filt_samples_planarity,z_profile_m,dz_raw_profile_m,profile_xy_dist_m
R1_start,-4.507890,-11.878118,nan,-0.680257,nan,0,6,140,-0.680257,nan,0,6,-0.680257,nan,0,6,-0.680257,nan,0,6,-0.680257,nan,0,6,-0.680257,nan,0,6,-1.894634,1.214377,0.000000
R1_3m,-4.159295,-8.907650,0.507681,-0.437072,-0.944753,0,39,140,-0.437072,-0.944753,0,39,-0.437072,-0.944753,0,39,-0.437072,-0.944753,0,39,-0.437072,-0.944753,0,39,-0.559903,-1.067584,0,37,-2.034634,1.597563,0.001481
R1_6m,-3.789471,-5.930148,0.796346,-0.312873,-1.109220,0,51,140,-0.312873,-1.109220,0,51,-0.312873,-1.109220,0,51,-0.312873,-1.109220,0,51,-0.312873,-1.109220,0,51,-0.446426,-1.242773,0,48,-2.054634,1.741761,0.022000
R1_9m,-3.312689,-2.965363,0.278936,-0.465940,-0.744876,0,48,140,-0.465946,-0.744882,0,48,-0.465946,-0.744882,0,48,-0.465940,-0.744876,0,48,-0.465940,-0.744876,0,48,-0.552967,-0.831903,0,46,-2.064634,1.598694,0.013775
R1_12m,-3.117890,0.031882,-0.572457,-0.628267,-0.055811,0,139,140,-0.628337,-0.055880,0,138,-0.628253,-0.055797,0,139,-0.628267,-0.055811,0,139,-0.628267,-0.055811,0,139,-0.634937,-0.062481,0,138,-2.064634,1.436367,0.000000
R1_15m,-2.723515,3.006335,-0.667098,-0.771279,-0.104180,0,139,140,-0.777155,-0.110057,0,139,-0.775958,-0.108859,0,139,-0.771279,-0.104180,0,139,-0.771279,-0.104180,0,139,-0.772799,-0.105701,0,139,-2.064634,1.293356,0.015101
R1_18m,-2.410736,5.990322,-3.173218,-3.175523,-0.002305,0,139,140,-3.180577,-0.007359,0,139,-3.175393,-0.002175,0,139,-3.175523,-0.002305,0,139,-3.175523,-0.002305,0,139,-3.182693,-0.009474,0,139,-2.074634,-1.100888,0.019119
R1_21m,-2.057890,8.969330,-3.110462,-3.113581,-0.003120,0,139,140,-3.153304,-0.042843,0,139,-3.116703,-0.006241,0,139,-3.113581,-0.003120,0,139,-3.113581,-0.003120,0,139,-3.152305,-0.041844,0,139,-2.074634,-1.038947,0.002552
R1_24m,-1.791375,11.958624,-2.950884,-2.951512,-0.000628,0,139,140,-3.131297,-0.180413,0,139,-2.959822,-0.008938,0,139,-2.951512,-0.000628,0,139,-2.951512,-0.000628,0,139,-3.162296,-0.211412,0,139,-2.064634,-0.886878,0.007284
R1_27m,-1.365073,14.929742,-2.959182,-2.950744,0.008439,0,139,140,-3.139054,-0.179872,0,139,-2.979114,-0.019932,0,139,-2.950744,0.008439,0,139,-2.950744,0.008439,0,139,-3.533677,-0.574494,0,139,-1.964634,-0.986109,0.133071
R1_30m,-1.112790,17.920065,-3.383779,-3.454394,-0.070614,0,139,140,-3.306438,0.077341,0,139,-3.455318,-0.071538,0,139,-3.454394,-0.070614,0,139,-3.454394,-0.070614,0,139,-3.188246,0.195534,0,139,-2.044634,-1.409759,0.102901
R1_end,0.562110,32.651882,0.897308,0.896991,-0.000317,0,139,140,-2.359325,-3.256633,0,7,0.896977,-0.000331,0,139,0.889040,-0.008268,0,139,0.971975,0.074667,0,139,0.028308,-0.869000,0,139,-2.064634,2.961625,0.000000
R2_start,-2.967890,-11.948118,-0.138565,-0.599055,-0.460490,0,7,140,-0.599055,-0.460490,0,7,-0.599055,-0.460490,0,7,-0.599055,-0.460490,0,7,-0.599055,-0.460490,0,7,-0.599055,-0.460490,0,7,-1.974634,1.375580,0.000000
R2_3m,-2.673557,-9.000985,0.665491,-0.100700,-0.766190,0,54,140,-0.100700,-0.766190,0,54,-0.100700,-0.766190,0,54,-0.100700,-0.766190,0,54,-0.100700,-0.766190,0,54,-0.175162,-0.840652,0,52,-1.894634,1.793935,0.014617
R2_6m,-2.126934,-6.043660,0.727535,0.034263,-0.693272,0,60,140,0.362723,-0.364813,0,140,0.034263,-0.693272,0,60,0.045622,-0.681914,0,61,0.034263,-0.693272,0,60,0.336936,-0.390599,0,140,-2.044634,2.078898,0.018141
R2_9m,-1.946737,-3.044913,1.129705,0.677652,-0.452053,0,140,140,0.604930,-0.524774,0,140,0.678964,-0.450741,0,140,0.658362,-0.471343,0,140,0.677652,-0.452053,0,140,0.600384,-0.529320,0,140,-2.034634,2.712286,0.003406
R2_12m,-1.805498,-0.041717,0.610725,0.431481,-0.179245,0,140,140,0.436960,-0.173765,0,140,0.433179,-0.177546,0,140,0.432758,-0.177968,0,140,0.431481,-0.179245,0,140,0.433874,-0.176852,0,140,-2.044634,2.476115,0.020556
R2_15m,-1.137943,2.901882,1.299864,0.876461,-0.423403,0,139,140,1.262614,-0.037250,0,139,0.926321,-0.373543,0,139,1.040927,-0.258937,0,139,0.876461,-0.423403,0,139,1.273431,-0.026433,0,139,-2.064634,2.941095,0.000053
R2_18m,-0.968966,5.901882,-3.152507,-3.124342,0.028165,0,139,140,-3.180147,-0.027640,0,139,-3.174962,-0.022456,0,139,-3.150682,0.001825,0,139,-3.124342,0.028165,0,139,-3.179908,-0.027402,0,139,-1.994634,-1.129707,0.001076
R2_21m,-0.659383,8.886031,-3.391987,-3.632030,-0.240043,0,139,140,-3.675646,-0.283659,0,139,-3.662911,-0.270924,0,139,-3.632030,-0.240043,0,139,-3.632030,-0.240043,0,139,-3.627087,-0.235100,0,139,-1.924634,-1.707396,0.039686
R2_24m,-0.186689,11.851683,-3.788366,-3.784550,0.003816,0,139,140,-3.522851,0.265514,0,139,-3.790682,-0.002316,0,139,-3.784550,0.003816,0,139,-3.784550,0.003816,0,139,-3.539076,0.249289,0,139,-2.064634,-1.719915,0.014884
R2_27m,0.046148,14.844421,-3.627894,-3.613189,0.014705,0,139,140,-3.182357,0.445537,0,139,-3.620055,0.007839,0,139,-3.613189,0.014705,0,139,-3.613189,0.014705,0,139,-3.638267,-0.010374,0,139,-1.914634,-1.698555,0.018451
R2_30m,0.414952,17.821882,-3.522577,-3.490543,0.032033,0,139,140,-3.475063,0.047513,0,139,-3.491818,0.030758,0,139,-3.490543,0.032033,0,139,-3.490543,0.032033,0,139,-3.189046,0.333530,0,139,-2.024634,-1.465909,0.002843
R2_end,1.942110,31.441882,0.175914,0.162127,-0.013787,0,139,140,-0.087346,-0.263260,0,139,0.295285,0.119370,0,139,0.164937,-0.010977,0,139,0.299554,0.123639,0,139,-0.756977,-0.932891,0,139,-1.954634,2.116762,0.000000
